{"cameraMode":{"drawMode":0,"name":"Shaded","section":"Shading Mode"},"sceneLighting":false,"audioPlay":false,"sceneViewState":{"m_AlwaysRefresh":false,"showFog":true,"showSkybox":false,"showFlares":true,"showImageEffects":true,"showParticleSystems":true,"showVisualEffectGraphs":true,"m_FxEnabled":true},"in2DMode":false,"pivot":{"x":-0.22914156317710877,"y":1.8990916013717652,"z":-2.949490785598755},"rotation":{"x":0.14056096971035005,"y":0.15496061742305757,"z":-0.022280054166913034,"w":0.9776212573051453},"size":0.043301258236169818,"orthographic":false}