{"cameraMode":{"drawMode":0,"name":"Shaded","section":"Shading Mode"},"sceneLighting":false,"audioPlay":false,"sceneViewState":{"m_AlwaysRefresh":false,"showFog":true,"showSkybox":false,"showFlares":true,"showImageEffects":true,"showParticleSystems":true,"showVisualEffectGraphs":true,"m_FxEnabled":true},"in2DMode":false,"pivot":{"x":452.5999755859375,"y":205.918701171875,"z":0.0860000029206276},"rotation":{"x":0.056936439126729968,"y":0.03982120007276535,"z":-0.00227373163215816,"w":0.997625470161438},"size":0.09784799814224243,"orthographic":false}