{"cameraMode":{"drawMode":0,"name":"Shaded","section":"Shading Mode"},"sceneLighting":false,"audioPlay":false,"sceneViewState":{"m_AlwaysRefresh":false,"showFog":true,"showSkybox":true,"showFlares":true,"showImageEffects":true,"showParticleSystems":true,"showVisualEffectGraphs":true,"m_FxEnabled":true},"in2DMode":false,"pivot":{"x":5.779177665710449,"y":1.2616230249404908,"z":4.410684108734131},"rotation":{"x":0.01855609007179737,"y":0.41486871242523196,"z":-0.008482658304274083,"w":0.9098696708679199},"size":1.9125988483428956,"orthographic":false}