{"cameraMode":{"drawMode":0,"name":"Shaded","section":"Shading Mode"},"sceneLighting":false,"audioPlay":false,"sceneViewState":{"m_AlwaysRefresh":false,"showFog":true,"showSkybox":false,"showFlares":true,"showImageEffects":true,"showParticleSystems":true,"showVisualEffectGraphs":true,"m_FxEnabled":true},"in2DMode":false,"pivot":{"x":-0.06726383417844773,"y":0.9513683319091797,"z":-0.5638433694839478},"rotation":{"x":0.024905383586883546,"y":0.15176309645175935,"z":-0.0038252866361290218,"w":0.9880980253219605},"size":0.27766087651252749,"orthographic":false}