{"cameraMode":{"drawMode":0,"name":"Shaded","section":"Shading Mode"},"sceneLighting":false,"audioPlay":false,"sceneViewState":{"m_AlwaysRefresh":false,"showFog":true,"showSkybox":false,"showFlares":true,"showImageEffects":true,"showParticleSystems":true,"showVisualEffectGraphs":true,"m_FxEnabled":true},"in2DMode":false,"pivot":{"x":216.8017578125,"y":-13.164299011230469,"z":329.8777770996094},"rotation":{"x":0.013192846439778805,"y":-0.031794171780347827,"z":0.00041935432818718255,"w":0.9994277954101563},"size":200.20545959472657,"orthographic":false}