{"cameraMode":{"drawMode":0,"name":"Shaded","section":"Shading Mode"},"sceneLighting":false,"audioPlay":false,"sceneViewState":{"m_AlwaysRefresh":false,"showFog":true,"showSkybox":false,"showFlares":true,"showImageEffects":true,"showParticleSystems":true,"showVisualEffectGraphs":true,"m_FxEnabled":true},"in2DMode":false,"pivot":{"x":0.07011855393648148,"y":1.0954174995422364,"z":1.0235267877578736},"rotation":{"x":0.2401977926492691,"y":0.05848925933241844,"z":-0.014506332576274872,"w":0.9688943028450012},"size":6.890746593475342,"orthographic":false}