{"cameraMode":{"drawMode":0,"name":"Shaded","section":"Shading Mode"},"sceneLighting":false,"audioPlay":false,"sceneViewState":{"m_AlwaysRefresh":false,"showFog":true,"showSkybox":false,"showFlares":true,"showImageEffects":true,"showParticleSystems":true,"showVisualEffectGraphs":true,"m_FxEnabled":true},"in2DMode":false,"pivot":{"x":0.8410711288452148,"y":-20.14438247680664,"z":0.32820355892181399},"rotation":{"x":-0.011944465339183808,"y":0.09584575891494751,"z":0.0011502043344080449,"w":0.9953241944313049},"size":227.23965454101563,"orthographic":true}